{"cameraMode":{"drawMode":0,"name":"Shaded","section":"Shading Mode"},"sceneLighting":false,"audioPlay":false,"sceneViewState":{"showFog":true,"showMaterialUpdate":true,"showSkybox":true,"showFlares":true,"showImageEffects":true,"showParticleSystems":true},"in2DMode":false,"pivot":{"x":-1.0110890865325928,"y":4.315418243408203,"z":0.4627388119697571},"rotation":{"x":0.05153192579746246,"y":0.36960306763648989,"z":-0.02053481712937355,"w":0.9275323748588562},"size":16.625656127929689,"orthographic":false}