{"cameraMode":{"drawMode":0,"name":"Shaded","section":"Shading Mode"},"sceneLighting":false,"audioPlay":false,"sceneViewState":{"showFog":true,"showMaterialUpdate":true,"showSkybox":true,"showFlares":true,"showImageEffects":true,"showParticleSystems":true},"in2DMode":false,"pivot":{"x":10.430908203125,"y":2.66943359375,"z":-4.59521484375},"rotation":{"x":0.004179514013230801,"y":0.9958028793334961,"z":-0.06281890720129013,"w":0.06643064320087433},"size":4.4764018058776859,"orthographic":true}