{"cameraMode":{"drawMode":0,"name":"Shaded","section":"Shading Mode"},"sceneLighting":false,"audioPlay":false,"sceneViewState":{"showFog":true,"showMaterialUpdate":true,"showSkybox":true,"showFlares":true,"showImageEffects":true,"showParticleSystems":true},"in2DMode":false,"pivot":{"x":0.9908740520477295,"y":2.233717918395996,"z":-0.20610302686691285},"rotation":{"x":0.03553472086787224,"y":0.09073001891374588,"z":0.003246496431529522,"w":-0.9952360987663269},"size":4.194553375244141,"orthographic":false}