{"cameraMode":{"drawMode":0,"name":"Shaded","section":"Shading Mode"},"sceneLighting":true,"audioPlay":false,"sceneViewState":{"showFog":true,"showMaterialUpdate":true,"showSkybox":true,"showFlares":true,"showImageEffects":true,"showParticleSystems":true},"in2DMode":false,"pivot":{"x":36.41241455078125,"y":7.3671875,"z":-9.86864185333252},"rotation":{"x":0.5080719590187073,"y":-0.49188849329948428,"z":0.5044430494308472,"w":0.4954250156879425},"size":86.6041488647461,"orthographic":true}