{"cameraMode":{"drawMode":0,"name":"Shaded","section":"Shading Mode"},"sceneLighting":false,"audioPlay":false,"sceneViewState":{"showFog":true,"showMaterialUpdate":true,"showSkybox":true,"showFlares":true,"showImageEffects":true,"showParticleSystems":true},"in2DMode":false,"pivot":{"x":0.9908740520477295,"y":2.233717918395996,"z":-0.20610302686691285},"rotation":{"x":0.02293367125093937,"y":0.9531079530715942,"z":-0.07479261606931687,"w":0.29234471917152407},"size":0.5945538282394409,"orthographic":false}